<?xml version="1.0" encoding="UTF-8"?>
<tincan xmlns="http://projecttincan.com/tincan.xsd">
  <activities>
    <activity id="http://id.tincanapi.com/activity/tincan-prototypes/219" type="http://adlnet.gov/expapi/activities/course">
      <name>Diseñando tu Primera Clase en UML</name>
      <description lang="en-US">En esta actividad, vas a diseñar una clase UML para un "Automóvil". Piensa en las características que tiene un automóvil, como marca, modelo y año. Tu tarea es representar estas características en un diagrama UML.</description>
      <launch lang="en-US">index.html</launch>
    </activity>
  </activities>
</tincan>
